                  epoch,         train/box_loss,         train/cls_loss,         train/dfl_loss,   metrics/precision(B),      metrics/recall(B),       metrics/mAP50(B),    metrics/mAP50-95(B),           val/box_loss,           val/cls_loss,           val/dfl_loss,                 lr/pg0,                 lr/pg1,                 lr/pg2
                      1,                0.66066,                 5.0299,                 3.7807,                0.00039,                 0.0175,                0.00026,                  7e-05,                0.57825,                  4.284,                 3.7279,             0.00036742,             0.00036742,             0.00036742
                      2,                 1.2434,                 3.2482,                 2.4877,                0.52004,                0.12737,                0.06275,                 0.0155,                 1.4514,                 2.4468,                 2.0858,              0.0007341,              0.0007341,              0.0007341
                      3,                 1.7614,                 2.4448,                 1.9288,                 0.5748,                0.18067,                 0.1242,                0.03852,                 1.9391,                 2.2557,                 1.8168,              0.0010971,              0.0010971,              0.0010971
                      4,                 2.1467,                 2.0434,                 1.6915,                0.59591,                0.33696,                0.21393,                0.07834,                 2.3747,                 2.5708,                 1.6001,              0.0010945,              0.0010945,              0.0010945
                      5,                 2.3609,                 1.7908,                  1.607,                0.67185,                 0.2804,                0.27894,                0.11798,                 2.6514,                 1.7783,                 1.4917,              0.0010945,              0.0010945,              0.0010945
                      6,                 2.5326,                  1.648,                 1.5202,                0.73258,                0.27088,                0.28945,                0.12105,                 2.6607,                 1.5337,                 1.4934,               0.001089,               0.001089,               0.001089
                      7,                 2.6287,                 1.5694,                 1.4932,                0.75473,                0.32746,                0.34062,                0.15145,                 2.8282,                 1.4373,                 1.4075,              0.0010835,              0.0010835,              0.0010835
                      8,                 2.7812,                 1.4454,                 1.4222,                0.76574,                0.34457,                0.37463,                 0.1542,                 2.7187,                 1.3727,                 1.4211,               0.001078,               0.001078,               0.001078
                      9,                  2.856,                 1.3704,                 1.4032,                0.76344,                0.30776,                0.32484,                0.14593,                 2.8337,                 1.4074,                 1.3834,              0.0010725,              0.0010725,              0.0010725
                     10,                 2.8463,                 1.3785,                 1.3831,                 0.7537,                0.32906,                0.35344,                0.15249,                 2.8227,                 1.4633,                 1.3515,               0.001067,               0.001067,               0.001067
                     11,                 2.9186,                 1.3265,                 1.3507,                0.80467,                0.36127,                0.45146,                0.22138,                 3.1376,                 1.3098,                  1.299,              0.0010615,              0.0010615,              0.0010615
                     12,                  2.957,                 1.2481,                 1.3243,                0.82015,                0.37558,                0.44038,                0.19172,                 2.9174,                 1.2057,                 1.3362,               0.001056,               0.001056,               0.001056
                     13,                 2.9975,                 1.2157,                  1.328,                0.81735,                0.38668,                 0.4638,                0.22367,                  3.142,                  1.154,                 1.2514,              0.0010505,              0.0010505,              0.0010505
                     14,                 3.0239,                 1.1909,                 1.2881,                0.83569,                0.40552,                 0.4795,                0.23753,                 3.1649,                 1.1596,                 1.2488,               0.001045,               0.001045,               0.001045
                     15,                 2.9914,                 1.1863,                 1.3006,                0.69885,                0.49352,                0.50913,                0.25159,                 3.2434,                 1.0769,                 1.2288,              0.0010395,              0.0010395,              0.0010395
                     16,                  3.029,                 1.1434,                 1.2835,                0.67517,                0.50442,                0.48573,                0.23812,                 3.2221,                 1.0679,                 1.2267,               0.001034,               0.001034,               0.001034
                     17,                 3.0478,                 1.1336,                 1.2658,                0.80573,                  0.377,                 0.4139,                0.18833,                 2.9306,                   1.19,                 1.2723,              0.0010285,              0.0010285,              0.0010285
                     18,                 3.0092,                 1.1436,                 1.2734,                0.72033,                0.47181,                 0.5224,                0.26418,                 3.2011,                 1.0701,                 1.2118,               0.001023,               0.001023,               0.001023
                     19,                 3.0242,                 1.1124,                 1.2513,                0.53479,                0.42496,                0.49716,                0.23865,                   3.02,                 1.1858,                 1.2549,              0.0010175,              0.0010175,              0.0010175
                     20,                 3.1276,                 1.0604,                 1.2517,                0.49375,                0.45913,                0.50145,                0.25031,                 3.1462,                 1.0154,                 1.2151,               0.001012,               0.001012,               0.001012
                     21,                 3.1181,                 1.0491,                 1.2209,                0.78894,                0.49096,                0.56473,                0.28168,                 3.1111,                 1.0362,                 1.2283,              0.0010065,              0.0010065,              0.0010065
                     22,                 3.1233,                 1.0448,                 1.2546,                0.60384,                0.51674,                0.56401,                0.29214,                 3.1921,                 1.0163,                 1.2089,               0.001001,               0.001001,               0.001001
                     23,                 3.0349,                 1.0445,                 1.2291,                0.63362,                0.52336,                0.57813,                0.28733,                 3.1036,                 1.0267,                 1.2043,             0.00099551,             0.00099551,             0.00099551
                     24,                 3.0705,                  1.014,                 1.2286,                0.58117,                0.54621,                0.59031,                0.30715,                 3.2392,                0.94943,                 1.1804,             0.00099001,             0.00099001,             0.00099001
                     25,                 3.1036,                  1.006,                 1.2179,                0.56215,                0.52002,                0.57412,                0.29576,                 3.1025,                 1.0321,                 1.1923,             0.00098451,             0.00098451,             0.00098451
                     26,                 3.1079,                   1.01,                 1.2126,                0.56622,                0.53235,                 0.5665,                0.29382,                 3.0559,                 1.0275,                 1.2141,             0.00097901,             0.00097901,             0.00097901
                     27,                 3.0675,                0.99118,                 1.2136,                0.65866,                0.51567,                0.60076,                0.30749,                 3.0974,                0.98994,                 1.1856,             0.00097351,             0.00097351,             0.00097351
                     28,                 3.0835,                0.96461,                 1.1979,                0.65121,                0.55047,                0.60649,                0.30588,                 3.0314,                0.95932,                 1.1929,             0.00096801,             0.00096801,             0.00096801
                     29,                 3.1308,                 0.9581,                 1.1927,                0.66286,                 0.5793,                0.60998,                0.32106,                 3.1774,                0.93026,                 1.1769,             0.00096251,             0.00096251,             0.00096251
                     30,                 3.0434,                 0.9733,                 1.1999,                 0.5985,                0.57399,                0.60005,                0.31148,                 3.1487,                0.92572,                 1.1714,             0.00095702,             0.00095702,             0.00095702
                     31,                 3.1201,                0.94313,                 1.1861,                0.70556,                0.56038,                0.61998,                0.33061,                 3.1252,                0.94258,                 1.1728,             0.00095152,             0.00095152,             0.00095152
                     32,                 3.0735,                0.94858,                  1.181,                0.62525,                0.56284,                0.64971,                0.35274,                 3.2355,                0.90359,                 1.1612,             0.00094602,             0.00094602,             0.00094602
                     33,                 3.0391,                0.94367,                 1.1839,                0.71564,                0.56272,                0.62904,                0.33537,                   3.17,                 0.9285,                 1.1645,             0.00094052,             0.00094052,             0.00094052
                     34,                 3.0439,                0.93464,                 1.1946,                0.64325,                0.65149,                0.66302,                0.34345,                 3.1234,                0.89605,                 1.1585,             0.00093502,             0.00093502,             0.00093502
                     35,                 3.0899,                0.91478,                 1.1751,                0.68125,                0.61793,                0.66449,                0.34637,                 3.0762,                0.91301,                 1.1513,             0.00092952,             0.00092952,             0.00092952
                     36,                  3.091,                0.91236,                 1.1789,                0.70551,                0.62256,                0.65599,                0.35359,                 3.2509,                 0.8723,                 1.1386,             0.00092402,             0.00092402,             0.00092402
                     37,                 3.0202,                0.92389,                 1.1773,                0.65055,                0.54862,                0.61886,                0.33406,                 3.0774,                0.94892,                 1.1601,             0.00091852,             0.00091852,             0.00091852
                     38,                 3.0612,                0.90443,                 1.1702,                0.71863,                0.59896,                0.65245,                0.34853,                 3.0029,                0.88965,                   1.17,             0.00091302,             0.00091302,             0.00091302
                     39,                 3.0703,                0.89347,                 1.1697,                0.71285,                0.60875,                0.65948,                0.35974,                 3.1351,                0.86456,                 1.1411,             0.00090752,             0.00090752,             0.00090752
                     40,                  3.035,                0.89638,                 1.1585,                0.65845,                0.63489,                0.63493,                0.33619,                 3.0756,                0.88448,                 1.1415,             0.00090202,             0.00090202,             0.00090202
                     41,                 3.0357,                0.87948,                 1.1656,                0.70741,                0.59447,                0.66086,                0.36051,                 3.1057,                0.87872,                 1.1383,             0.00089652,             0.00089652,             0.00089652
                     42,                 3.0173,                0.87514,                 1.1563,                0.71949,                0.61986,                0.65349,                0.35853,                 3.0787,                0.89143,                 1.1427,             0.00089102,             0.00089102,             0.00089102
                     43,                 3.0897,                0.86089,                 1.1541,                0.76636,                0.58836,                0.66686,                0.36411,                 2.9966,                0.90625,                 1.1421,             0.00088552,             0.00088552,             0.00088552
                     44,                 3.0353,                  0.866,                 1.1548,                0.72195,                0.60668,                0.65378,                0.34826,                 2.9764,                 0.8742,                 1.1424,             0.00088002,             0.00088002,             0.00088002
                     45,                 3.0221,                0.85818,                 1.1549,                 0.7204,                0.60913,                 0.6797,                0.36645,                 3.0732,                0.85189,                 1.1276,             0.00087452,             0.00087452,             0.00087452
                     46,                 3.0225,                0.85234,                 1.1447,                0.77375,                 0.6322,                0.70466,                0.37594,                  3.037,                0.83047,                 1.1317,             0.00086902,             0.00086902,             0.00086902
                     47,                  3.005,                0.85509,                 1.1532,                 0.7977,                0.59908,                0.68827,                0.37083,                 3.0441,                0.86264,                 1.1218,             0.00086352,             0.00086352,             0.00086352
                     48,                 3.0426,                0.84347,                 1.1352,                0.74969,                0.68547,                0.71903,                0.38876,                 3.0186,                0.81327,                 1.1281,             0.00085803,             0.00085803,             0.00085803
                     49,                 2.9536,                 0.8497,                 1.1452,                0.77921,                0.66569,                0.72632,                0.39764,                 2.9535,                0.82663,                 1.1404,             0.00085253,             0.00085253,             0.00085253
                     50,                  2.948,                 0.8398,                 1.1464,                0.74334,                0.66327,                0.71242,                0.38717,                 3.0135,                0.82749,                 1.1223,             0.00084703,             0.00084703,             0.00084703
                     51,                 3.0213,                0.81558,                 1.1323,                0.77298,                0.64229,                0.73081,                0.40931,                 3.0322,                0.81728,                 1.1136,             0.00084153,             0.00084153,             0.00084153
                     52,                  2.985,                0.82571,                 1.1302,                0.70237,                0.66747,                  0.683,                0.37599,                 2.9612,                0.82614,                 1.1221,             0.00083603,             0.00083603,             0.00083603
                     53,                 2.9548,                0.81405,                 1.1332,                0.68551,                0.66771,                0.68973,                 0.3789,                   2.94,                0.82992,                  1.123,             0.00083053,             0.00083053,             0.00083053
                     54,                 2.9599,                0.81834,                 1.1274,                0.79898,                0.64492,                0.71501,                0.40132,                 3.0236,                0.79821,                 1.1123,             0.00082503,             0.00082503,             0.00082503
                     55,                 2.9514,                0.81984,                 1.1173,                0.69917,                0.68203,                0.71006,                0.40089,                 3.0062,                0.79889,                   1.11,             0.00081953,             0.00081953,             0.00081953
                     56,                 2.9566,                0.80119,                 1.1181,                0.78433,                0.66142,                0.71612,                0.41323,                 3.0144,                0.79333,                 1.1017,             0.00081403,             0.00081403,             0.00081403
                     57,                 2.9738,                0.78574,                 1.1216,                0.70762,                0.63511,                0.70782,                0.38999,                 2.9316,                0.79566,                 1.1124,             0.00080853,             0.00080853,             0.00080853
                     58,                  2.912,                0.81169,                 1.1236,                0.81143,                 0.6609,                 0.7262,                0.40279,                 2.9464,                0.80907,                 1.1131,             0.00080303,             0.00080303,             0.00080303
                     59,                 2.9431,                0.79649,                 1.1145,                0.78588,                0.70616,                 0.7299,                0.40687,                 2.9321,                0.80793,                 1.1103,             0.00079753,             0.00079753,             0.00079753
                     60,                 2.9573,                0.79023,                 1.1149,                0.79148,                0.67446,                0.73451,                0.41445,                 2.9037,                0.80052,                 1.1043,             0.00079203,             0.00079203,             0.00079203
                     61,                 2.9025,                0.79004,                 1.1107,                0.77029,                0.64598,                0.69997,                0.36169,                 2.7701,                0.85346,                 1.1242,             0.00078653,             0.00078653,             0.00078653
                     62,                 2.9315,                0.78714,                 1.1087,                0.81259,                0.68025,                0.73568,                0.40129,                 2.7222,                0.81676,                 1.1208,             0.00078103,             0.00078103,             0.00078103
                     63,                 2.9251,                0.78216,                 1.1081,                0.75435,                0.67233,                 0.7145,                0.39976,                 2.9693,                0.78336,                  1.093,             0.00077553,             0.00077553,             0.00077553
                     64,                 2.9342,                  0.763,                 1.1082,                0.80765,                0.66182,                0.72125,                0.41353,                 2.9754,                0.77032,                 1.0904,             0.00077003,             0.00077003,             0.00077003
                     65,                 2.9366,                  0.765,                 1.1002,                0.75358,                0.62273,                0.71676,                0.41101,                 2.8871,                0.83434,                 1.0996,             0.00076453,             0.00076453,             0.00076453
                     66,                 2.8657,                0.77991,                 1.0991,                0.73295,                0.70974,                0.72926,                0.40825,                 2.8829,                0.78328,                 1.0963,             0.00075904,             0.00075904,             0.00075904
                     67,                 2.8695,                0.76473,                 1.1057,                0.79957,                0.66599,                0.73397,                0.41657,                  2.948,                0.78361,                 1.0838,             0.00075354,             0.00075354,             0.00075354
                     68,                 2.8544,                0.77799,                 1.1035,                0.79718,                0.69377,                0.73874,                0.42406,                 2.8771,                0.76035,                 1.0896,             0.00074804,             0.00074804,             0.00074804
                     69,                 2.8762,                0.75351,                 1.0946,                0.80891,                0.68935,                0.74289,                0.41027,                 2.8221,                0.77518,                 1.0958,             0.00074254,             0.00074254,             0.00074254
                     70,                 2.8508,                 0.7487,                 1.0967,                0.76332,                0.71373,                 0.7377,                 0.4117,                  2.801,                0.77361,                 1.0975,             0.00073704,             0.00073704,             0.00073704
                     71,                  2.835,                0.76293,                 1.0944,                0.80993,                0.71212,                0.77063,                0.45544,                 2.8439,                0.78418,                 1.0888,             0.00073154,             0.00073154,             0.00073154
                     72,                 2.8224,                0.75861,                 1.0969,                0.80142,                0.67097,                0.73079,                0.42142,                 2.8257,                0.77191,                 1.0895,             0.00072604,             0.00072604,             0.00072604
                     73,                 2.8486,                0.75456,                 1.0816,                0.78869,                0.68516,                0.73295,                  0.419,                 2.8285,                0.78881,                 1.0855,             0.00072054,             0.00072054,             0.00072054
                     74,                 2.8041,                0.75619,                 1.0982,                0.81892,                0.72476,                0.75162,                 0.4336,                 2.7848,                0.76345,                  1.087,             0.00071504,             0.00071504,             0.00071504
                     75,                 2.7959,                 0.7492,                 1.0907,                0.79808,                  0.725,                0.75854,                0.44241,                 2.8053,                0.76318,                 1.0872,             0.00070954,             0.00070954,             0.00070954
                     76,                 2.7955,                0.73949,                 1.0903,                0.77072,                0.68949,                0.74597,                0.43551,                 2.8349,                0.76406,                 1.0791,             0.00070404,             0.00070404,             0.00070404
                     77,                 2.7906,                0.73489,                 1.0925,                0.74375,                0.70621,                0.74066,                0.42241,                 2.7765,                0.76874,                 1.0806,             0.00069854,             0.00069854,             0.00069854
                     78,                  2.793,                0.73529,                 1.0926,                 0.8062,                0.75615,                0.75702,                0.43491,                 2.7604,                0.76652,                 1.0849,             0.00069304,             0.00069304,             0.00069304
                     79,                 2.7997,                 0.7286,                 1.0889,                0.79154,                 0.7091,                0.76539,                0.43333,                 2.6932,                0.78091,                 1.0906,             0.00068754,             0.00068754,             0.00068754
                     80,                 2.7839,                0.73101,                 1.0791,                0.79199,                0.70401,                0.75689,                0.44151,                  2.768,                0.75106,                 1.0793,             0.00068204,             0.00068204,             0.00068204
                     81,                 2.7826,                0.72349,                 1.0803,                0.78197,                0.66934,                0.73264,                0.41394,                 2.6395,                0.75605,                 1.0894,             0.00067654,             0.00067654,             0.00067654
                     82,                 2.7575,                0.72753,                 1.0788,                  0.775,                0.66961,                0.70826,                0.38959,                 2.6783,                0.77316,                 1.0876,             0.00067104,             0.00067104,             0.00067104
                     83,                  2.733,                0.72887,                 1.0746,                0.85719,                0.71661,                0.76861,                0.44836,                 2.7567,                0.74965,                 1.0755,             0.00066554,             0.00066554,             0.00066554
                     84,                 2.7332,                 0.7248,                 1.0771,                0.82419,                0.70298,                0.76461,                0.44182,                 2.7218,                0.74304,                 1.0755,             0.00066005,             0.00066005,             0.00066005
                     85,                 2.7333,                0.72333,                 1.0766,                  0.825,                0.74794,                0.78063,                0.45769,                 2.7209,                 0.7479,                 1.0714,             0.00065455,             0.00065455,             0.00065455
                     86,                 2.7211,                0.71855,                 1.0744,                0.80557,                0.72555,                0.76739,                0.44023,                 2.7046,                0.74507,                  1.073,             0.00064905,             0.00064905,             0.00064905
                     87,                 2.6944,                0.72159,                 1.0728,                0.81973,                0.71605,                0.77402,                0.44146,                 2.6468,                0.73867,                  1.079,             0.00064355,             0.00064355,             0.00064355
                     88,                 2.7152,                0.71154,                 1.0803,                0.83017,                0.73372,                0.77498,                0.44616,                 2.6117,                0.75891,                 1.0808,             0.00063805,             0.00063805,             0.00063805
                     89,                 2.6758,                0.70933,                 1.0752,                0.85467,                0.74095,                0.77941,                0.45655,                 2.6508,                0.75653,                 1.0717,             0.00063255,             0.00063255,             0.00063255
                     90,                 2.6948,                0.70567,                 1.0727,                0.84779,                 0.7391,                0.77506,                0.44998,                 2.6485,                0.75146,                 1.0718,             0.00062705,             0.00062705,             0.00062705
                     91,                 2.6499,                0.71557,                 1.0649,                0.84253,                0.74408,                0.78717,                0.46913,                 2.6631,                0.73007,                  1.073,             0.00062155,             0.00062155,             0.00062155
                     92,                 2.6682,                0.70384,                  1.072,                0.82435,                0.72268,                0.76413,                0.44669,                 2.6296,                0.73235,                  1.071,             0.00061605,             0.00061605,             0.00061605
                     93,                 2.6812,                 0.6986,                 1.0665,                0.80959,                0.73806,                0.77922,                0.43602,                 2.5715,                0.73262,                 1.0784,             0.00061055,             0.00061055,             0.00061055
                     94,                 2.6213,                0.70202,                 1.0646,                0.78176,                0.73765,                0.76072,                0.44096,                 2.5947,                0.73911,                 1.0693,             0.00060505,             0.00060505,             0.00060505
                     95,                 2.6221,                0.69353,                 1.0697,                0.80711,                0.72622,                0.77784,                0.45831,                 2.5692,                 0.7336,                 1.0665,             0.00059955,             0.00059955,             0.00059955
                     96,                 2.6205,                0.69747,                   1.06,                0.77767,                0.75108,                0.78142,                0.44781,                 2.5634,                0.73785,                 1.0723,             0.00059405,             0.00059405,             0.00059405
                     97,                 2.5857,                0.70352,                 1.0618,                0.79811,                0.76254,                0.79209,                0.46133,                  2.551,                 0.7252,                 1.0685,             0.00058855,             0.00058855,             0.00058855
                     98,                 2.5866,                0.70132,                  1.062,                0.82923,                0.72606,                0.78376,                0.46117,                 2.5021,                 0.7312,                 1.0728,             0.00058305,             0.00058305,             0.00058305
                     99,                 2.6173,                0.69031,                 1.0601,                0.84181,                0.75518,                0.79969,                0.46468,                 2.5269,                0.72134,                 1.0678,             0.00057755,             0.00057755,             0.00057755
                    100,                 2.5709,                0.69097,                 1.0644,                0.78859,                0.75949,                0.78754,                0.45927,                 2.4869,                0.72635,                 1.0718,             0.00057205,             0.00057205,             0.00057205
                    101,                 2.5985,                 0.6846,                 1.0598,                0.82034,                0.73201,                0.77977,                0.46442,                 2.5154,                0.70656,                 1.0674,             0.00056655,             0.00056655,             0.00056655
                    102,                 2.5597,                0.68954,                 1.0602,                0.83581,                0.73675,                 0.7844,                0.46812,                 2.4926,                0.70975,                  1.065,             0.00056105,             0.00056105,             0.00056105
                    103,                 2.5483,                0.68971,                 1.0568,                0.81122,                0.76991,                0.79214,                0.47913,                 2.5293,                0.70492,                 1.0582,             0.00055556,             0.00055556,             0.00055556
                    104,                 2.5557,                0.68389,                 1.0509,                0.78574,                0.73239,                0.77502,                 0.4559,                 2.4727,                0.72308,                 1.0652,             0.00055006,             0.00055006,             0.00055006
                    105,                 2.5538,                0.67756,                 1.0748,                0.81164,                0.74708,                0.78713,                0.47345,                 2.4942,                0.71094,                 1.0592,             0.00054456,             0.00054456,             0.00054456
                    106,                 2.5415,                0.67789,                  1.051,                0.82337,                0.73827,                 0.7892,                0.46527,                 2.4525,                0.70094,                 1.0618,             0.00053906,             0.00053906,             0.00053906
                    107,                 2.5971,                0.66785,                 1.0512,                0.79702,                0.72579,                0.78688,                0.47607,                 2.4843,                 0.7076,                 1.0598,             0.00053356,             0.00053356,             0.00053356
                    108,                 2.5487,                0.67838,                 1.0606,                0.82524,                0.75238,                0.78831,                0.46664,                 2.4498,                0.71027,                  1.057,             0.00052806,             0.00052806,             0.00052806
                    109,                 2.5014,                0.67892,                 1.0525,                0.80195,                0.74397,                0.79454,                0.46902,                 2.4615,                0.70661,                 1.0588,             0.00052256,             0.00052256,             0.00052256
                    110,                 2.4749,                0.67452,                 1.0465,                0.80732,                0.72615,                0.78679,                0.47068,                 2.4484,                0.70129,                 1.0588,             0.00051706,             0.00051706,             0.00051706
                    111,                 2.4975,                0.67431,                  1.047,                0.80492,                0.77058,                0.79338,                0.47235,                 2.4264,                0.71606,                 1.0595,             0.00051156,             0.00051156,             0.00051156
                    112,                 2.5032,                0.66592,                 1.0457,                0.84513,                 0.7545,                0.80002,                 0.4685,                  2.382,                0.70664,                 1.0615,             0.00050606,             0.00050606,             0.00050606
                    113,                 2.4953,                0.66824,                 1.0483,                 0.8113,                0.76099,                0.77332,                0.45285,                 2.3311,                0.70795,                 1.0663,             0.00050056,             0.00050056,             0.00050056
                    114,                 2.5585,                0.65427,                 1.0451,                0.87852,                0.75474,                 0.8039,                 0.4802,                 2.3465,                0.70189,                 1.0624,             0.00049506,             0.00049506,             0.00049506
                    115,                 2.4645,                0.66559,                 1.0541,                0.84916,                0.75923,                0.79713,                 0.4795,                 2.3656,                0.70033,                  1.059,             0.00048956,             0.00048956,             0.00048956
                    116,                 2.4482,                0.67096,                 1.0451,                0.83161,                0.74646,                0.79944,                0.47216,                 2.3867,                0.70192,                 1.0524,             0.00048406,             0.00048406,             0.00048406
                    117,                 2.4884,                0.65779,                 1.0468,                0.84896,                0.74482,                0.80558,                0.48808,                  2.354,                0.70296,                 1.0581,             0.00047856,             0.00047856,             0.00047856
                    118,                 2.4005,                0.66853,                 1.0382,                0.85028,                0.73142,                0.80074,                0.47899,                 2.3277,                0.72095,                   1.06,             0.00047306,             0.00047306,             0.00047306
                    119,                 2.4442,                0.65916,                 1.0414,                0.85021,                0.77093,                0.80239,                0.48637,                 2.3422,                0.70772,                 1.0534,             0.00046756,             0.00046756,             0.00046756
                    120,                 2.4108,                0.65427,                   1.04,                0.79131,                0.77181,                 0.7985,                0.47617,                 2.3033,                0.70433,                 1.0573,             0.00046206,             0.00046206,             0.00046206
                    121,                  2.399,                0.66655,                 1.0389,                0.85181,                0.75872,                0.80243,                0.47753,                 2.3062,                0.70363,                  1.054,             0.00045657,             0.00045657,             0.00045657
                    122,                 2.3838,                0.66203,                 1.0517,                0.82397,                0.75848,                0.80003,                0.48601,                 2.2868,                0.71076,                 1.0565,             0.00045107,             0.00045107,             0.00045107
                    123,                  2.411,                0.65034,                  1.039,                0.83053,                0.76373,                0.80575,                0.48492,                 2.2929,                0.70087,                 1.0534,             0.00044557,             0.00044557,             0.00044557
                    124,                 2.4066,                0.65299,                 1.0367,                 0.8366,                0.75785,                0.80683,                0.48129,                 2.2815,                0.70849,                 1.0572,             0.00044007,             0.00044007,             0.00044007
                    125,                 2.4243,                0.64744,                 1.0399,                0.83588,                0.74364,                0.82087,                0.49727,                 2.2879,                0.69632,                 1.0546,             0.00043457,             0.00043457,             0.00043457
                    126,                 2.3911,                0.64906,                 1.0339,                0.82564,                0.74581,                0.79734,                0.48749,                 2.2649,                0.70411,                  1.052,             0.00042907,             0.00042907,             0.00042907
                    127,                 2.3987,                0.64409,                   1.04,                0.82611,                0.76079,                0.79157,                0.47447,                 2.2752,                 0.7129,                 1.0528,             0.00042357,             0.00042357,             0.00042357
                    128,                 2.3407,                0.65326,                 1.0414,                0.83167,                 0.7575,                0.79439,                0.47784,                 2.2063,                0.71642,                 1.0563,             0.00041807,             0.00041807,             0.00041807
                    129,                 2.3848,                0.63695,                   1.03,                0.83839,                0.76805,                0.81169,                0.48554,                 2.2024,                0.71685,                 1.0574,             0.00041257,             0.00041257,             0.00041257
                    130,                 2.3207,                 0.6507,                 1.0311,                0.81816,                 0.7688,                0.80249,                0.48537,                 2.1877,                0.70387,                 1.0563,             0.00040707,             0.00040707,             0.00040707
                    131,                 2.3108,                0.64471,                 1.0289,                0.82282,                0.76783,                0.80819,                0.48807,                  2.225,                0.69924,                 1.0496,             0.00040157,             0.00040157,             0.00040157
                    132,                 2.3844,                0.63584,                 1.0348,                 0.8193,                0.75082,                0.81308,                0.49844,                 2.1832,                0.69977,                 1.0544,             0.00039607,             0.00039607,             0.00039607
                    133,                 2.3559,                0.64089,                 1.0282,                0.82623,                0.76328,                0.81821,                0.50005,                 2.2302,                0.69312,                 1.0474,             0.00039057,             0.00039057,             0.00039057
                    134,                 2.3021,                0.64091,                 1.0347,                0.86174,                0.74283,                0.80072,                0.49053,                 2.1743,                0.69211,                 1.0509,             0.00038507,             0.00038507,             0.00038507
                    135,                 2.3467,                0.63844,                 1.0312,                0.85134,                0.75781,                0.80845,                0.49145,                 2.1696,                0.69704,                 1.0494,             0.00037957,             0.00037957,             0.00037957
                    136,                 2.2868,                 0.6398,                 1.0333,                0.86284,                 0.7761,                0.81926,                0.49839,                  2.166,                0.68337,                 1.0512,             0.00037407,             0.00037407,             0.00037407
                    137,                 2.2586,                0.64301,                 1.0292,                0.84729,                0.78425,                0.82862,                0.50759,                 2.1647,                0.68595,                  1.048,             0.00036857,             0.00036857,             0.00036857
                    138,                 2.2486,                0.64272,                 1.0305,                0.83463,                0.76341,                0.80225,                0.48391,                 2.1453,                0.69203,                 1.0509,             0.00036307,             0.00036307,             0.00036307
                    139,                 2.3191,                0.62913,                 1.0299,                0.84106,                0.76084,                0.79788,                0.48528,                 2.1485,                0.68743,                 1.0482,             0.00035758,             0.00035758,             0.00035758
                    140,                 2.2327,                0.64023,                  1.024,                0.85206,                 0.7421,                0.79804,                0.48199,                 2.1053,                0.69491,                 1.0527,             0.00035208,             0.00035208,             0.00035208
                    141,                 2.2334,                0.64019,                  1.035,                0.84202,                0.76372,                0.81453,                0.49015,                 2.1326,                0.68744,                 1.0483,             0.00034658,             0.00034658,             0.00034658
                    142,                 2.2522,                0.63299,                 1.0216,                0.85322,                0.75907,                0.82749,                0.49885,                 2.1077,                 0.6845,                 1.0482,             0.00034108,             0.00034108,             0.00034108
                    143,                 2.2501,                0.63084,                  1.025,                0.84999,                 0.7587,                0.80214,                0.48655,                  2.076,                0.69065,                 1.0504,             0.00033558,             0.00033558,             0.00033558
                    144,                 2.2617,                0.62742,                 1.0202,                0.84068,                0.76682,                0.80583,                0.49276,                 2.0913,                0.68048,                 1.0459,             0.00033008,             0.00033008,             0.00033008
                    145,                 2.2197,                0.63313,                 1.0285,                0.83262,                 0.7567,                0.80739,                0.49155,                 2.0822,                0.67598,                 1.0433,             0.00032458,             0.00032458,             0.00032458
                    146,                 2.2386,                 0.6228,                 1.0236,                0.87791,                0.74983,                0.82056,                0.50231,                 2.0526,                0.67979,                 1.0434,             0.00031908,             0.00031908,             0.00031908
                    147,                   2.22,                0.63635,                   1.02,                0.84513,                0.75775,                0.82222,                0.50461,                 2.0678,                0.67587,                 1.0445,             0.00031358,             0.00031358,             0.00031358
                    148,                 2.2711,                0.61642,                 1.0222,                0.85063,                0.75557,                0.80972,                 0.5031,                 2.0516,                0.68241,                 1.0461,             0.00030808,             0.00030808,             0.00030808
                    149,                 2.1714,                0.62981,                 1.0229,                0.84447,                0.74078,                 0.8115,                0.48773,                 2.0302,                0.68669,                 1.0465,             0.00030258,             0.00030258,             0.00030258
                    150,                 2.2053,                0.62196,                 1.0274,                0.83263,                0.75441,                0.81004,                0.49581,                 2.0129,                0.68786,                 1.0474,             0.00029708,             0.00029708,             0.00029708
                    151,                 2.2204,                0.61768,                  1.026,                0.84924,                0.76016,                0.81023,                0.49471,                 1.9926,                  0.683,                 1.0486,             0.00029158,             0.00029158,             0.00029158
                    152,                 2.2565,                0.61056,                 1.0183,                0.83378,                0.75666,                0.81103,                0.48997,                 1.9747,                0.68684,                 1.0508,             0.00028608,             0.00028608,             0.00028608
                    153,                 2.1426,                0.63141,                 1.0188,                0.77684,                0.78965,                0.81231,                0.49169,                 1.9507,                0.68683,                 1.0473,             0.00028058,             0.00028058,             0.00028058
                    154,                 2.1418,                0.62555,                  1.021,                0.82693,                0.77067,                0.80483,                0.48909,                  1.964,                0.67807,                 1.0467,             0.00027508,             0.00027508,             0.00027508
                    155,                 2.1547,                0.62263,                 1.0203,                0.83364,                0.75793,                0.81731,                0.49952,                 1.9708,                0.67662,                 1.0479,             0.00026958,             0.00026958,             0.00026958
                    156,                 2.1538,                0.62063,                 1.0161,                0.83688,                0.76459,                0.81713,                0.50049,                 1.9576,                0.67773,                 1.0484,             0.00026408,             0.00026408,             0.00026408
                    157,                  2.171,                0.61321,                 1.0145,                0.87226,                0.75432,                0.81383,                0.49668,                 1.9405,                0.68254,                 1.0494,             0.00025859,             0.00025859,             0.00025859
                    158,                 2.1254,                  0.621,                 1.0178,                0.84697,                0.75931,                0.80929,                0.49268,                 1.9238,                0.68511,                 1.0478,             0.00025309,             0.00025309,             0.00025309
                    159,                 2.1793,                0.61481,                 1.0229,                0.84232,                0.75204,                0.81426,                  0.493,                 1.9266,                0.68036,                 1.0486,             0.00024759,             0.00024759,             0.00024759
                    160,                 2.1635,                 0.6092,                 1.0128,                0.85154,                0.76538,                0.81965,                0.49592,                 1.9141,                0.68028,                 1.0474,             0.00024209,             0.00024209,             0.00024209
                    161,                 2.1463,                0.61091,                 1.0086,                0.86325,                0.76285,                0.82504,                0.50783,                 1.9278,                  0.676,                 1.0467,             0.00023659,             0.00023659,             0.00023659
                    162,                  2.143,                 0.6029,                 1.0148,                0.84681,                 0.7716,                0.82294,                0.50213,                 1.9166,                0.67573,                 1.0467,             0.00023109,             0.00023109,             0.00023109
                    163,                 2.0802,                0.61246,                 1.0141,                0.83044,                0.78561,                0.82174,                0.50089,                 1.8995,                0.67415,                 1.0432,             0.00022559,             0.00022559,             0.00022559
                    164,                 2.1202,                0.61082,                  1.015,                0.84109,                0.76254,                0.81849,                0.50136,                 1.8806,                0.67513,                 1.0438,             0.00022009,             0.00022009,             0.00022009
                    165,                 2.1192,                0.60709,                 1.0125,                0.83242,                0.77229,                0.82152,                0.50093,                 1.8502,                0.68058,                 1.0483,             0.00021459,             0.00021459,             0.00021459
                    166,                 2.1245,                0.60221,                 1.0185,                0.83611,                0.75446,                  0.826,                0.50607,                 1.8712,                0.67494,                 1.0431,             0.00020909,             0.00020909,             0.00020909
                    167,                 2.1073,                0.60685,                 1.0073,                0.82985,                0.76046,                0.82367,                0.50725,                 1.8588,                0.66943,                  1.044,             0.00020359,             0.00020359,             0.00020359
                    168,                 2.0809,                0.60912,                 1.0188,                 0.8529,                0.75893,                0.82624,                0.51003,                 1.8518,                 0.6728,                 1.0463,             0.00019809,             0.00019809,             0.00019809
                    169,                 2.0526,                0.61077,                  1.006,                0.84481,                0.76805,                0.82694,                0.50593,                 1.8167,                0.67609,                 1.0471,             0.00019259,             0.00019259,             0.00019259
                    170,                 2.0625,                0.60577,                  1.016,                0.85715,                0.78079,                0.82715,                0.50784,                 1.8411,                0.66933,                 1.0426,             0.00018709,             0.00018709,             0.00018709
                    171,                 2.1018,                0.59964,                 1.0086,                0.80484,                0.80588,                0.82411,                0.50982,                 1.8107,                0.68244,                 1.0453,             0.00018159,             0.00018159,             0.00018159
                    172,                 2.0474,                0.60333,                 1.0041,                0.85436,                0.75369,                0.82262,                0.50652,                 1.8287,                0.68634,                 1.0432,             0.00017609,             0.00017609,             0.00017609
                    173,                  2.113,                0.59436,                 1.0083,                0.85436,                0.76054,                0.82095,                0.50572,                 1.8261,                0.67808,                 1.0426,             0.00017059,             0.00017059,             0.00017059
                    174,                 2.0144,                0.60435,                 1.0126,                0.85256,                0.77271,                0.83126,                0.50885,                 1.8094,                0.67427,                 1.0437,             0.00016509,             0.00016509,             0.00016509
                    175,                 2.0428,                0.60445,                 1.0064,                  0.853,                0.76815,                0.83234,                0.50945,                 1.7951,                0.67832,                 1.0421,              0.0001596,              0.0001596,              0.0001596
                    176,                 2.0639,                0.59302,                  1.003,                 0.8237,                0.78641,                0.82742,                0.51207,                 1.8005,                0.67176,                 1.0413,              0.0001541,              0.0001541,              0.0001541
                    177,                 2.0539,                0.59659,                 1.0044,                0.81869,                0.76328,                0.82295,                0.51356,                 1.7771,                0.67597,                 1.0423,              0.0001486,              0.0001486,              0.0001486
                    178,                 1.9891,                0.60548,                 1.0075,                0.81378,                0.78317,                 0.8254,                0.51167,                 1.7744,                0.67277,                 1.0417,              0.0001431,              0.0001431,              0.0001431
                    179,                 2.0363,                 0.5938,                 1.0045,                 0.8212,                0.78429,                0.82722,                0.50811,                 1.7568,                0.67239,                 1.0405,              0.0001376,              0.0001376,              0.0001376
                    180,                 2.0345,                0.59581,                  1.003,                0.85984,                0.75563,                0.82317,                0.50863,                 1.7489,                0.67151,                 1.0392,              0.0001321,              0.0001321,              0.0001321
                    181,                 2.0238,                0.59492,                 1.0029,                0.87148,                0.75587,                0.82769,                0.51264,                 1.7373,                0.67033,                 1.0412,              0.0001266,              0.0001266,              0.0001266
                    182,                 1.9724,                0.60364,                 1.0038,                0.81289,                0.78692,                0.82959,                0.50959,                 1.7392,                0.67168,                 1.0424,              0.0001211,              0.0001211,              0.0001211
                    183,                 1.9982,                0.59573,                  0.996,                0.84251,                0.75345,                0.82755,                0.51202,                 1.7268,                0.67344,                  1.042,              0.0001156,              0.0001156,              0.0001156
                    184,                  2.017,                0.59363,                 1.0041,                0.81217,                0.79203,                0.83087,                0.51625,                 1.7229,                0.66949,                 1.0424,              0.0001101,              0.0001101,              0.0001101
                    185,                 1.9861,                0.59529,                 1.0012,                0.81941,                0.77904,                0.83266,                 0.5146,                 1.7083,                 0.6739,                 1.0425,              0.0001046,              0.0001046,              0.0001046
                    186,                 1.9578,                0.59986,                 1.0036,                0.82444,                0.77807,                0.82673,                0.51151,                 1.7096,                0.66825,                 1.0397,             9.9101e-05,             9.9101e-05,             9.9101e-05
                    187,                 1.9651,                0.59392,                0.99745,                0.80163,                0.80423,                0.83172,                0.51832,                 1.7012,                0.67146,                 1.0386,             9.3602e-05,             9.3602e-05,             9.3602e-05
                    188,                  2.007,                0.58964,                0.99782,                 0.8058,                0.80511,                0.83353,                0.51382,                 1.7007,                0.67075,                  1.038,             8.8102e-05,             8.8102e-05,             8.8102e-05
                    189,                 1.9884,                0.58855,                0.99643,                0.81957,                0.78598,                0.82935,                0.51002,                 1.6915,                0.66948,                 1.0398,             8.2603e-05,             8.2603e-05,             8.2603e-05
                    190,                 1.9874,                0.59015,                 1.0031,                 0.8128,                0.79692,                0.83204,                0.51244,                 1.6756,                0.66722,                 1.0413,             7.7103e-05,             7.7103e-05,             7.7103e-05
                    191,                 1.9512,                0.59088,                 1.0014,                0.79894,                0.79641,                0.83101,                0.51616,                 1.6589,                0.66683,                 1.0414,             7.1604e-05,             7.1604e-05,             7.1604e-05
                    192,                  2.005,                0.58454,                      1,                0.84814,                0.77805,                 0.8333,                0.51776,                 1.6488,                0.66885,                 1.0411,             6.6105e-05,             6.6105e-05,             6.6105e-05
                    193,                 1.9598,                0.58764,                0.99609,                0.83287,                0.78217,                0.83347,                0.51873,                 1.6414,                0.67106,                 1.0413,             6.0605e-05,             6.0605e-05,             6.0605e-05
                    194,                 1.9413,                0.59117,                0.99601,                0.83579,                  0.789,                0.83531,                0.51849,                 1.6353,                0.67146,                 1.0402,             5.5106e-05,             5.5106e-05,             5.5106e-05
                    195,                 1.9532,                0.59019,                 1.0054,                0.82997,                0.78579,                0.83172,                0.51756,                 1.6267,                0.67089,                 1.0407,             4.9606e-05,             4.9606e-05,             4.9606e-05
                    196,                 1.9351,                0.58359,                0.99463,                0.81777,                0.79123,                0.82824,                0.51582,                 1.6295,                 0.6692,                 1.0407,             4.4107e-05,             4.4107e-05,             4.4107e-05
                    197,                 1.9033,                0.58617,                0.99781,                0.81739,                0.79738,                0.82877,                0.51776,                 1.6219,                0.66897,                 1.0417,             3.8607e-05,             3.8607e-05,             3.8607e-05
                    198,                 1.9559,                 0.5811,                0.99407,                0.81595,                0.80265,                0.82752,                0.51812,                 1.6137,                0.66791,                 1.0411,             3.3108e-05,             3.3108e-05,             3.3108e-05
                    199,                 1.9476,                0.58145,                0.99474,                 0.8179,                0.79994,                0.82771,                0.51774,                 1.6069,                0.66605,                 1.0404,             2.7608e-05,             2.7608e-05,             2.7608e-05
                    200,                 1.9295,                0.58713,                0.99655,                0.82077,                0.79825,                0.82861,                0.51487,                 1.5966,                0.66702,                 1.0407,             2.2109e-05,             2.2109e-05,             2.2109e-05
